,questions
0,https://www.quora.com/Why-do-companies-so-often-ship-a-small-item-in-a-huge-cardboard-box
1,https://www.quora.com/Why-are-cons-upset-and-call-Amazon-Power-of-the-Rings-woke-because-it-uses-minorities-to-play-certain-characters-when-this-is-a-fantasy-world-with-Elves-Wizards-Dwarfs-dragons-etc
2,https://www.quora.com/What-is-so-controversial-about-Amazons-Good-Omens
3,https://www.quora.com/Who-do-you-trust-more-Elon-Musk-or-Jeff-Bezos
4,https://www.quora.com/Why-did-the-founders-of-Microsoft-Bill-Gates-and-Google-Larry-Page-and-Sergey-Brin-retire-from-their-own-companies-so-young-while-Jeff-Bezos-still-runs-Amazon-for-the-foreseeable-future
5,https://www.quora.com/Was-it-a-mistake-that-Jeff-Bezos-got-married
6,https://www.quora.com/How-do-you-feel-after-changing-from-working-in-Microsoft-to-Google-Amazon-Facebook-or-vice-versa
7,https://www.quora.com/Could-tech-giants-like-Google-Facebook-Amazon-Microsoft-Adobe-Oracle-etc-adopt-and-rebuild-one-of-the-poor-towns-in-the-US-into-the-new-Silicon-Valley-If-not-then-why-not-If-yes-then-how-could-they-do-it
8,https://www.quora.com/Is-being-an-Amazon-employee-as-bad-as-some-people-say-it-is
9,https://www.quora.com/Where-do-you-see-Google-Amazon-and-Microsoft-5-years-from-now-in-the-military-business-because-of-artificial-intelligence-projects
10,https://www.quora.com/What-programming-languages-are-used-at-Amazon
11,https://www.quora.com/What-will-happen-if-I-exclude-top-giants-like-Google-Amazon-Microsoft-Apple-and-Facebook-from-my-daily-life
12,https://www.quora.com/How-many-practice-problems-did-you-do-before-successfully-getting-a-job-at-Google-Facebook-Amazon-Microsoft
13,https://www.quora.com/Do-Google-Facebook-Amazon-and-Microsoft-employees-have-office-desk-phones-or-are-they-supplied-with-company-mobile-phones
14,https://www.quora.com/If-Jeff-Bezos-gave-you-a-billion-and-told-you-to-not-spend-a-penny-for-one-year-to-get-a-total-of-10-billion-would-you-listen
15,https://www.quora.com/What-does-Amazon-do-with-all-the-unsold-stuff
16,https://www.quora.com/What-are-the-best-decisions-Jeff-Bezos-has-ever-made-as-the-CEO-of-Amazon
17,https://www.quora.com/Which-of-the-Big-4-tech-firms-Amazon-Google-Microsoft-Apple-is-best-positioned-for-the-future
18,https://www.quora.com/What-is-the-controversy-surrounding-Amazon-New-York-and-tax-breaks
19,https://www.quora.com/Does-Jeff-Bezos-still-forward-emails-from-customers-to-the-appropriate-group-at-Amazon
20,https://www.quora.com/Why-do-some-companies-like-Google-Amazon-and-Facebook-have-a-no-feedback-policy-when-rejecting-candidates
21,https://www.quora.com/What-are-some-unusual-or-fun-things-you-can-do-with-Amazons-Alexa
22,https://www.quora.com/Does-a-software-engineer-at-Google-or-Facebook-or-Amazon-have-%E2%80%98what-the-heck%E2%80%99-moments-when-working-on-fellow-members%E2%80%99-code-If-yes-how-frequent
23,https://www.quora.com/Is-Amazon-a-second-tier-tech-company
24,https://www.quora.com/Can-shareholders-vote-Jeff-Bezos-out-of-Amazon
25,https://www.quora.com/What-makes-Amazon-pay-less-taxes
26,https://www.quora.com/How-was-Jeff-Bezos-able-to-keep-75-of-his-stock-in-Amazon-after-finalizing-his-divorce
27,https://www.quora.com/Why-has-Google-fallen-well-behind-rivals-Amazon-and-Microsoft-in-cloud-leadership
28,https://www.quora.com/What-do-you-think-of-the-argument-that-if-Jeff-Bezos-s-annual-income-was-split-among-his-employees-they-would-only-get-an-extra-dollar
29,https://www.quora.com/Do-companies-like-Google-Amazon-Facebook-and-Microsoft-constantly-steal-each-other-s-algorithms
30,https://www.quora.com/Why-did-GitHub-sell-their-company-to-Microsoft-instead-of-Amazon-or-Google
31,https://www.quora.com/What-happens-if-you-make-a-claim-to-Amazon-that-a-package-did-not-arrive
32,https://www.quora.com/Im-switching-from-Amazon-to-Microsoft-in-Bangalore-on-the-same-base-package-I-m-an-SDE-2-at-Amazon-and-Microsoft-is-offering-the-same-base-pay-should-I-join-Microsoft
33,https://www.quora.com/How-has-Amazon-FBA-changed-your-life
34,https://www.quora.com/Why-does-Jeff-Bezos-only-own-16-of-Amazon
35,https://www.quora.com/What-did-Jeff-Bezos-do-to-set-Amazon-apart-from-all-the-other-early-dot-com-companies
36,https://www.quora.com/Does-life-get-easier-after-you-get-hired-by-Google-Facebook-Microsoft-or-Amazon
37,https://www.quora.com/The-animated-adaptation-of-Invincible-Image-Comics-is-gonna-be-on-Amazon-Prime-Do-you-think-the-producers-will-adapt-Issue-110-in-the-future-or-is-it-too-risky-in-this-double-standard-society-we-live-in
38,https://www.quora.com/What-dont-people-tell-you-about-working-at-a-top-tech-company
39,https://www.quora.com/Why-are-Amazon-warehouse-workers-so-unhappy
40,https://www.quora.com/With-the-increasing-concern-of-data-privacy-how-will-the-government-regulation-affect-the-tech-companies-profitability-from-data-collection-like-Google-Facebook-Amazon-Yahoo-Apple-and-so-on
41,https://www.quora.com/Why-do-I-occasionally-find-ridiculously-high-prices-listed-for-mundane-items-offered-on-Amazon-com-such-as-an-ordinary-mouse-pad-for-129-999
42,https://www.quora.com/How-would-Amazon-Books-Amazons-new-physical-bookstore-be-different-from-conventional-bookstores
43,https://www.quora.com/What-are-some-amazing-things-that-Amazon-is-doing-right-now
44,https://www.quora.com/What-is-the-point-of-a-startup-if-big-companies-like-Google-and-Amazon-can-copy-it-and-beat-someone-in-their-own-game
45,https://www.quora.com/Is-it-possible-to-work-9-5-in-FAANG-companies
46,https://www.quora.com/Caught-neighborhood-kids-on-camera-stealing-my-Amazon-package-should-I-post-the-video-online-and-call-the-police
47,https://www.quora.com/Do-big-companies-like-Google-and-Amazon-fire-software-developers-when-there-is-a-buggy-release
48,https://www.quora.com/What-were-the-most-ill-advised-products-to-sell-on-Amazon
49,https://www.quora.com/Does-Jeff-Bezos-Blue-Origin-have-as-much-success-as-SpaceX
50,https://www.quora.com/Is-Google-still-an-exceptional-place-to-work-or-has-it-transformed-into-just-another-big-corporate-environment-like-Microsoft-Amazon-and-IBM
51,https://www.quora.com/What-stops-Walmart-from-beating-Amazon-in-online-shopping-%25F0%259D%2597%259C%25F0%259D%2597%25B3-%25F0%259D%2597%25AC%25F0%259D%2597%25BC%25F0%259D%2598%2582-%25F0%259D%2597%25B5%25F0%259D%2597%25AE%25F0%259D%2598%2583%25F0%259D%2597%25B2
52,https://www.quora.com/Why-do-so-many-people-dislike-working-at-Amazon
53,https://www.quora.com/Why-is-recursion-used-so-commonly-in-software-engineering-interview-questions-at-software-companies-like-Google-Facebook-and-Amazon-but-is-so-rarely-used-in-real-work
54,https://www.quora.com/What-did-Amazon-see-that-other-companies-were-blind-to
55,https://www.quora.com/To-what-extent-are-Amazon-and-Google-competitors
56,https://www.quora.com/Why-did-Jeff-Bezos-leave-Amazon
57,https://www.quora.com/Will-the-Amazon-minimum-wage-increase-affect-its-growth
58,https://www.quora.com/Why-do-people-think-that-Amazons-Rings-of-Power-will-be-bad
59,https://www.quora.com/I-am-writing-a-book-almost-done-and-I-plan-on-publishing-on-Amazon-Im-scared-I-wont-make-sales-since-it-s-my-first-time-publishing-What-should-I-do
60,https://www.quora.com/Should-Amazon-withdraw-their-adaptation-of-Neil-Gaiman-and-Terry-Pratchetts-Good-Omens-because-a-minority-group-dont-like-it
61,https://www.quora.com/Why-would-someone-choose-not-to-work-at-one-of-the-big-five-tech-companies-Google-Facebook-Microsoft-Amazon-and-Apple
62,https://www.quora.com/How-is-Amazon-leading-the-tech-giants-How-do-they-differ-from-Google-or-Microsoft
63,https://www.quora.com/What-do-you-do-if-you-receive-the-wrong-Amazon-package
64,https://www.quora.com/Do-very-senior-software-architects-in-Google-Amazon-Facebook-Microsoft-still-write-code
65,https://www.quora.com/How-does-one-get-a-job-at-tech-giants-such-as-Google-Microsoft-and-Amazon-I-know-C-and-Python-and-currently-learning-Java-but-dont-have-any-project-or-competitive-coding-experience
66,https://www.quora.com/If-you-were-a-bright-young-student-graduating-from-a-major-university-with-a-degree-in-computer-science-today-would-you-rather-work-for-Apple-Google-Amazon-or-Microsoft
67,https://www.quora.com/What-questions-were-you-asked-in-the-programming-interview-for-Google-Amazon-Facebook-or-Microsoft
68,https://www.quora.com/Why-doesn-t-Apple-Amazon-or-Google-buy-out-Netflix
69,https://www.quora.com/Why-do-massive-corporations-such-as-Amazon-and-Apple-push-progressive-politics
70,https://www.quora.com/How-is-it-that-Amazon-doesnt-make-a-profit-yet-Jeff-Bezos-net-worth-is-in-the-billions
71,https://www.quora.com/Bernie-Sanders-said-that-if-you-paid-the-119-annual-fee-to-become-an-Amazon-Prime-member-you-paid-more-to-Amazon-than-it-paid-in-taxes-Is-he-right
72,https://www.quora.com/Does-AOC-regret-pushing-Amazon-out-of-New-York-since-the-pandemic-hit-and-Amazon-seems-to-be-one-of-the-few-businesses-still-standing
73,https://www.quora.com/Why-wasn-t-Microsoft-included-in-FAANG-Facebook-Amazon-Apple-Netflix-Google-list-of-companies-every-software-developer-wants-to-work-for-besides-FAANG-not-containing-an-M
74,https://www.quora.com/What-did-you-do-after-getting-fired-from-Amazon
75,https://www.quora.com/Which-company-will-fall-first-Google-Apple-Facebook-Amazon-or-Microsoft
76,https://www.quora.com/Whats-it-like-to-receive-a-question-mark-e-mail-from-Jeff-Bezos-at-Amazon-Inc
77,https://www.quora.com/How-is-Costco-able-to-not-only-compete-against-Amazon-but-also-thrive-What-does-Costco-have-that-Amazon-doesnt
78,https://www.quora.com/Why-can-t-Amazon-just-shut-down-the-Staten-Island-warehouse-that-recently-voted-to-unionize
79,https://www.quora.com/How-did-Jeff-Bezos-become-rich
80,https://www.quora.com/Why-is-Amazon-so-customer-focused
81,https://www.quora.com/How-where-do-e-commerce-websites-like-Amazon-get-product-images
82,https://www.quora.com/What-kind-of-company-could-rival-Amazon-How-would-they-do-it
0,https://www.quora.com/Why-wont-some-companies-ship-to-PO-Boxes
1,https://www.quora.com/Does-Amazon-com-ship-packages-to-PO-Boxes
2,https://www.quora.com/Will-Amazon-ship-to-a-PO-Box-in-the-United-States
3,https://www.quora.com/Can-I-purchase-a-small-P-O-Box-and-have-Amazon-deliver-large-package-to-it
4,https://www.quora.com/How-do-I-fill-out-an-Amazon-shipping-address-with-a-PO-box
5,https://www.quora.com/How-does-Amazon-shipping-to-your-PO-Box-s-street-address-work-I-received-a-photo-from-Amazon-showing-that-my-package-was-delivered-but-it-was-outside-on-the-ground-next-to-a-locked-back-door-at-the-post-office-Is
6,https://www.quora.com/unanswered/How-do-I-format-a-PO-box-address
7,https://www.quora.com/How-do-you-enter-in-a-PO-Box-on-Amazon-I-am-sending-a-gift-to-someone-and-I-want-to-know-how-to-enter-in-a-PO-Box-What-things-go-in-what-text-fields
8,https://www.quora.com/Why-do-some-online-retailers-say-We-cannot-deliver-to-a-PO-Box
9,https://www.quora.com/Why-don-t-online-stores-like-shipping-to-PO-Boxes
10,https://www.quora.com/Why-do-some-sellers-on-Amazon-and-eBay-not-deliver-to-your-PO-box-Dont-they-realize-that-they%E2%80%99re-losing-business-as-the-next-seller-will-deliver
12,https://www.quora.com/How-do-I-have-a-package-delivered-if-the-sender-wont-deliver-to-a-PO-box
13,https://www.quora.com/If-I-get-a-PO-box-can-the-mail-addressed-to-it-be-deliver-to-my-house
14,https://www.quora.com/Why-wont-UPS-deliver-to-a-PO-box
15,https://www.quora.com/Is-it-possible-to-get-packages-to-my-PO-box-if-it-says-it-cant-ship-to-PO-boxes
16,https://www.quora.com/My-legally-married-wife-opened-a-PO-box-behind-my-back-I-saw-her-at-the-post-office-opening-it-but-I-dont-know-the-PO-box-number-How-can-I-get-info-on-the-PO-box
17,https://www.quora.com/How-can-I-ship-to-a-PO-Box
18,https://www.quora.com/unanswered/Can-you-get-mail-at-a-PO-Box-if-its-not-yours
19,https://www.quora.com/If-you-get-mail-at-a-PO-box-is-that-where-the-package-will-go
20,https://www.quora.com/Why-are-packages-almost-always-in-rectangular-cardboard-boxes
21,https://www.quora.com/Why-are-cardboard-boxes-good-for-packaging
22,https://www.quora.com/What-are-the-benefits-of-cardboard-boxes
23,https://www.quora.com/Why-is-cardboard-used-for-packaging
25,https://www.quora.com/unanswered/What-are-the-best-options-and-choice-cardboard-packaging-boxes
26,https://www.quora.com/Why-are-cardboard-boxes-used-for-shipping
27,https://www.quora.com/unanswered/Why-is-a-corrugated-cardboard-used-for-packaging
28,https://www.quora.com/Why-are-cardboard-boxes-so-expensive
29,https://www.quora.com/How-should-I-ask-for-free-cardboard-boxes-at-stores
30,https://www.quora.com/unanswered/How-much-are-cardboard-boxes-and-how-are-they-made
31,https://www.quora.com/How-much-does-a-cardboard-box-cost
32,https://www.quora.com/How-much-money-do-you-get-for-recycling-cardboard-boxes
33,https://www.quora.com/Where-should-I-look-to-get-free-cardboard-boxes
34,https://www.quora.com/Where-can-I-purchase-cardboard-boxes-in-bulk
37,https://www.quora.com/Can-you-use-any-cardboard-box-to-ship
38,https://www.quora.com/Do-you-have-to-ship-in-a-cardboard-box
39,https://www.quora.com/Why-do-companies-package-products-in-boxes-that-are-way-too-big
40,https://www.quora.com/unanswered/What-is-the-biggest-item-ever-shipped-in-a-cardboard-box
41,https://www.quora.com/What-are-the-other-names-of-cardboard-packaging-boxes
42,https://www.quora.com/What-are-the-main-category-of-cardboard-boxes
43,https://www.quora.com/unanswered/What-are-some-unique-names-for-cardboard-packaging
44,https://www.quora.com/What-are-packaging-boxes-called
45,https://www.quora.com/What-are-cardboard-boxes
46,https://www.quora.com/How-can-I-find-the-best-cardboard-boxes
47,https://www.quora.com/What-types-of-products-are-usually-packed-in-cardboard-boxes-What-are-the-advantages-and-disadvantages-of-this-package-compared-to-other-packages
48,https://www.quora.com/What-are-the-incredible-advantages-of-using-white-cardboard-packaging-boxes
49,https://www.quora.com/What-are-the-advantages-and-disadvantages-of-cardboard-packaging
50,https://www.quora.com/unanswered/What-are-the-advantages-of-cardboard-display-boxes
51,https://www.quora.com/How-are-cardboard-boxes-better-than-others-for-protecting-our-products
52,https://www.quora.com/Why-are-people-already-upset-with-Amazons-The-Rings-of-Power
53,https://www.quora.com/What-is-with-all-the-hate-on-Amazon-s-Rings-of-Power
55,https://www.quora.com/Why-does-everyone-hate-the-Ring-of-Power
56,https://www.quora.com/Is-there-any-chance-that-Amazon-s-Rings-of-power-will-be-good
58,https://www.quora.com/Why-has-the-response-to-Rings-of-Power-been-lackluster-for-Amazon
59,https://www.quora.com/Why-is-Amazon-making-a-Rings-of-Power-series-Its-so-unnecessary-and-they-must-be-aware-that-its-extremely-unpopular-even-before-it-has-come-out
60,https://www.quora.com/Why-did-Amazon-choose-Patrick-McKay-and-JD-Payne-to-run-the-Rings-of-Power-when-they-have-no-prior-experience-with-the-story-nor-good-references-themselves-in-the-industry
61,https://www.quora.com/Why-are-people-upset-over-Rings-of-power-the-new-lord-of-the-rings-show-by-Amazon-prime-Does-this-video-explain-it-https-youtu-be-daulQRXrFog
63,https://www.quora.com/Which-is-worse-Amazons-Wheel-of-Time-or-The-Lord-of-the-Rings-The-Rings-of-Power
64,https://www.quora.com/Which-book-series-is-better-more-mindblowing-Robert-Jordans-Wheel-of-Time-or-J-R-R-Tolkiens-Lord-of-the-Rings-and-why
65,https://www.quora.com/Is-it-worth-my-time-to-start-reading-the-Wheel-Of-Time-series
66,https://www.quora.com/Why-is-the-Wheel-of-Time-book-one-so-similar-to-Fellowship-of-the-Ring-in-the-first-half-of-the-novel-Was-Robert-Jordan-influenced-by-J-R-R-Tolkien
67,https://www.quora.com/How-does-Wheel-of-Time-compare-to-Lord-of-the-Rings-In-what-ways
68,https://www.quora.com/Where-did-The-Wheel-of-Time-series-go-wrong
69,https://www.quora.com/Did-Robert-Jordan-make-a-mistake-in-The-Wheel-Of-Time-series-by-opening-up-way-too-many-plot-lines-which-caused-the-story-to-creep-along-too-slowly
70,https://www.quora.com/How-would-you-rank-the-Wheel-of-Time-books-and-why
71,https://www.quora.com/What-are-the-positives-and-negatives-of-Amazons-Good-Omens-Has-it-been-a-faithful-adaptation
74,https://www.quora.com/Why-do-people-hate-the-Good-Omens-TV-show
75,https://www.quora.com/How-much-does-Good-Omens-TV-series-on-Amazon-differ-from-the-book
76,https://www.quora.com/Is-Good-Omens-TV-series-blasphemous
77,https://www.quora.com/Why-are-certain-people-so-agitated-that-God-is-voiced-by-a-woman-in-the-Amazon-Prime-series-Good-Omens-How-does-this-mock-Gods-wisdom-as-their-protest-claims
78,https://www.quora.com/Why-doesnt-Crowley-eat-in-Good-Omens
79,https://www.quora.com/Why-is-the-TV-series-book-Good-Omens-called-Good-Omens
80,https://www.quora.com/Why-did-Netflix-cancel-Good-Omens
81,https://www.quora.com/What-do-you-think-of-the-Amazon-show-Good-Omens-particularly-those-who-ve-also-read-the-book
82,https://www.quora.com/Do-religious-people-find-the-TV-show-Good-Omens-offensive
83,https://www.quora.com/What-is-something-you-noticed-in-Good-Omens-that-you-believe-others-have-missed
84,https://www.quora.com/Why-did-Good-Omens-not-have-Aziraphale-and-Crowley-kiss
85,https://www.quora.com/What-happened-to-Crowley-at-the-end-of-Good-Omens
86,https://www.quora.com/unanswered/In-Good-Omens-was-God-at-the-park-in-the-end
87,https://www.quora.com/What-would-be-an-example-of-a-good-omen-in-your-life
88,https://www.quora.com/What-is-an-Omen-and-is-there-really-any-way-to-know-when-or-how-we-will-die
89,https://www.quora.com/What-is-your-opinion-on-omens-Why
90,https://www.quora.com/Terry-Pratchett-fans-what-do-you-think-of-Amazons-adaptation-of-Good-Omens
91,https://www.quora.com/Do-you-think-Terry-Pratchett-would-like-Good-Omens
92,https://www.quora.com/I-read-Good-Omens-because-I-m-a-fan-of-Terry-Pratchett-David-Tennant-What-Neil-Gaiman-should-I-read-next
93,https://www.quora.com/What-was-Terry-Pratchetts-opinion-of-Amazons-adaptation-of-his-novel-Good-Omens
94,https://www.quora.com/Is-Good-Omens-by-Terry-Pratchett-worth-the-read
95,https://www.quora.com/Why-should-I-consider-reading-Good-Omens-book-by-Terry-Pratchett-and-Neil-Gaiman
96,https://www.quora.com/What-did-Terry-Pratchett-mean-when-the-lady-says-Everyone-has-gods-You-just-dont-think-theyre-gods-in-The-Color-of-Magic-Discworld-1
97,https://www.quora.com/What-are-some-of-your-favorite-lines-from-Good-Omens-by-Neil-Gaiman-and-Terry-Pratchett
98,https://www.quora.com/Was-Terry-Pratchett-an-atheist
99,https://www.quora.com/Whats-Terry-Pratchetts-worst-novel-and-why
100,https://www.quora.com/Does-Good-Omens-on-Amazon-Prime-hint-at-a-relationship-between-Crowley-and-Aziraphale-or-am-I-reading-too-much-into-their-friendship
101,https://www.quora.com/Are-Aziraphale-and-Crowley-in-a-homosexual-relationship
102,https://www.quora.com/Why-did-Crowley-and-Aziraphale-pick-the-roles-of-Nanny-and-Gardener
103,https://www.quora.com/Did-anybody-ever-try-to-treat-their-plants-like-Crowley-from-Good-Omens
104,https://www.quora.com/Is-the-Crowley-as-Raphael-fan-theory-viable-in-the-Good-Omens-novel-as-well-Or-does-it-only-work-for-the-TV-series
105,https://www.quora.com/Is-the-Amazon-Prime-series-Good-Omens-close-to-the-book
106,https://www.quora.com/unanswered/Since-both-Aziraphale-and-Crowley-from-Good-Omens-are-both-angels-technically-does-that-mean-they-re-brothers
108,https://www.quora.com/Is-Neil-Gaiman-bisexual
109,https://www.quora.com/Whose-writing-is-more-ineffable-Terry-Pratchetts-or-Neil-Gaimans
110,https://www.quora.com/What-is-Neil-Gaiman-like-in-person
111,https://www.quora.com/Is-Neil-Gaimans-writing-style-obsolete
112,https://www.quora.com/What-makes-Neil-Gaimans-writing-different-from-other-authors
113,https://www.quora.com/Who-is-more-impressive-Elon-Musk-or-Jeff-Bezos
114,https://www.quora.com/unanswered/Who-is-more-influential-Elon-Musk-or-Jeff-Bezos
115,https://www.quora.com/unanswered/Who-is-more-respected-Elon-Musk-or-Jeff-Bezos
117,https://www.quora.com/Who-is-more-popular-Elon-Musk-or-Jeff-Bezos
118,https://www.quora.com/Who-is-more-interesting-Elon-Musk-or-Jeff-Bezos
119,https://www.quora.com/Who-is-the-most-influential-between-Elon-Musk-and-Jeff-Bezos-in-2021
120,https://www.quora.com/unanswered/Is-Tony-Stark-more-Elon-Musk-or-Jeff-Bezos
121,https://www.quora.com/Who-is-more-irreplaceable-Jeff-Bezos-or-Elon-Musk
122,https://www.quora.com/unanswered/Who-is-more-friendly-Elon-Musk-or-Jeff-Bezos
123,https://www.quora.com/Who-has-a-brighter-future-Elon-Musk-or-Jeff-Bezos
124,https://www.quora.com/Who-is-richer-in-2021-Jeff-Bezos-or-Elon-Musk
125,https://www.quora.com/Are-multiple-people-such-as-Jeff-Bezos-or-Elon-Musk-going-to-rise-in-the-future
126,https://www.quora.com/Elon-Musk-or-Jeff-Bezos-who-is-more-cool
127,https://www.quora.com/Who-is-worse-Jeff-Bezos-or-Elon-Musk-and-why
133,https://www.quora.com/unanswered/What-do-you-think-of-Elon-Musk-Who-is-better-Elon-Musk-or-Jeff-Bezos
134,https://www.quora.com/Is-Jeff-Bezos-or-Elon-Musk-more-cutthroat-when-it-comes-to-business-and-profits-over-people
135,https://www.quora.com/Who-is-the-better-CEO-Elon-Musk-or-Jeff-Bezos
136,https://www.quora.com/unanswered/Who-is-the-most-powerful-Elon-Musk-or-Jeff-Bezos
137,https://www.quora.com/Who-is-the-best-entrepreneur-Elon-Musk-or-Jeff-Bezos
138,https://www.quora.com/Who-is-better-in-terms-of-a-business-mind-Elon-Musk-or-Jeff-Bezos
140,https://www.quora.com/unanswered/Between-Jeff-Bezos-and-Elon-Musk-who-is-more-selfish-Why
142,https://www.quora.com/Are-Elon-Musk-and-Jeff-Bezos-selfish
143,https://www.quora.com/Why-is-Elon-Musk-upset-with-Amazon-and-Jeff-Bezos
145,https://www.quora.com/unanswered/Is-Elon-Musk-more-ruthless-than-Jeff-Bezos
146,https://www.quora.com/unanswered/Why-was-Jeff-Bezos-jealous-of-Elon-Musk
147,https://www.quora.com/Why-is-it-that-Google-co-founders-Larry-Page-and-Sergey-Brin-are-not-as-popular-as-Steve-Jobs-Mark-Zuckerberg-and-Bill-Gates
148,https://www.quora.com/unanswered/Why-are-the-founders-of-Google-Larry-Page-and-Sergey-Brin-not-as-famous-as-Mark-Zuckerberg-or-Bill-Gates
149,https://www.quora.com/unanswered/Why-arent-Larry-Page-Sergey-Brin-or-Steve-Jobs-as-rich-as-Mark-Zuckerberg-Bill-Gates-or-Jeff-Bezos
151,https://www.quora.com/Why-did-Bill-Gates-take-the-place-as-the-richest-person-than-Larry-Page-and-Sergey-Brin-even-though-they-both-are-founders-of-Google
152,https://www.quora.com/unanswered/Amongst-the-billion-dollar-tech-founders-who-studied-computer-science-at-college-who-do-you-think-is-the-smartest-between-Mark-Zuckerberg-Facebook-Bill-Gates-Microsoft-or-Sergey-Brin-and-Larry-Page-Google-Why
153,https://www.quora.com/Why-arent-Larry-Page-and-Sergey-Brin-as-famous-as-Bill-Gates-Steve-Jobs-or-Elon-Musk
154,https://www.quora.com/unanswered/If-legendary-founders-such-as-Bill-Gates-Steve-Jobs-Sergey-Brin-Larry-Page-or-Mark-Zuckerberg-had-been-born-5-years-earlier-or-later-would-they-have-been-able-to-achieve-what-they-achieved-If-not-what-would-they
155,https://www.quora.com/Who-is-more-technically-competent-Larry-Page-Sergey-Brin-Mark-Zuckerberg-Bill-Gates-or-Steve-Jobs-based-on-their-technical-knowledge-and-achievements-without-any-bias-based-on-their-successful-companies
156,https://www.quora.com/Who-has-been-more-important-to-the-rise-of-Google-Larry-Page-or-Sergey-Brin
157,https://www.quora.com/Why-hasnt-Larry-Page-acquired-as-much-fame-as-Mark-Zuckerberg-Steve-Jobs-or-Bill-Gates
158,https://www.quora.com/Who-is-the-smartest-between-Larry-Page-Sergey-Brin-and-Sundar-Pichai
159,https://www.quora.com/Are-Larry-Page-and-Sergey-Brin-intelligent-enough-to-pass-an-interview-at-Google
160,https://www.quora.com/unanswered/Who-is-smarter-Sergey-Brin-or-Larry-Page-1
161,https://www.quora.com/Why-is-Larry-Page-not-as-famous-as-Mark-Zuckerberg
162,https://www.quora.com/How-do-CEOs-like-Larry-Page-Jeff-Bezos-Mark-Zuckerberg-etc-keep-their-knowledge-skillset-current
163,https://www.quora.com/unanswered/Why-isnt%E2%80%8B-Larry-Page-as-famous-as-Bill-Gates-Steve-Jobs-or-Mark-Zuckerberg
164,https://www.quora.com/Why-is-Larry-Page-not-famous
165,https://www.quora.com/Why-is-Larry-Page-not-famous-as-Mark-Zuckerberg-or-Elon-Musk
166,https://www.quora.com/unanswered/Why-is-Mark-Zuckerberg-more-popular-than-Larry-Page-even-though-Google-is-more-beneficial
167,https://www.quora.com/Who-owns-Google-Why-are-they-not-famous-like-Mark-Zuckerberg-Steve-Jobs-Bill-Gates-etc
168,https://www.quora.com/Successful-entrepreneurs-are-usually-slim-Bill-Gates-Steve-Jobs-Mark-Zuckerberg-Li-Ka-Shing-etc-Why
169,https://www.quora.com/What-makes-certain-CEOs-famous-tech-a-bit-more-specifically-How-come-if-I-talked-to-a-random-person-street-they-would-know-who-Steve-Jobs-Mark-Zuckerberg-and-Bill-Gates-are-but-not-CEOs-like-Satya-Nadella-and-Sundar
170,https://www.quora.com/Who-owns-Google
171,https://www.quora.com/unanswered/Is-Bill-Gates-owner-of-Google
172,https://www.quora.com/Why-did-Steve-Jobs-not-go-to-college-like-Bill-Gates-and-Mark-Zuckerberg
173,https://www.quora.com/unanswered/Does-Sergey-Brin-still-work-for-Google
174,https://www.quora.com/unanswered/What-account-did-Larry-Paige-and-sergey-Brin-use-to-start-Google
175,https://www.quora.com/unanswered/At-what-age-did-Sergey-Brin-start-Google
176,https://www.quora.com/unanswered/What-made-Sergey-Brin-and-Larry-Page-to-start-Google
177,https://www.quora.com/unanswered/What-year-did-Sergey-Brin-and-Larry-Page-start-working-on-Google
178,https://www.quora.com/unanswered/Why-did-Larry-Page-and-Sergey-Brin-come-up-with-the-name-Google-for-his-company-what-did-it-represent
179,https://www.quora.com/unanswered/When-did-Sergey-Brin-go-into-Google
180,https://www.quora.com/unanswered/Are-Larry-Page-and-Sergey-Brin-brothers
181,https://www.quora.com/What-time-does-Sergey-Brin-start-work-in-Google
183,https://www.quora.com/unanswered/How-did-Sergey-Brin-get-to-keep-his-job-after-having-an-affair-with-a-Google-employee
184,https://www.quora.com/What-is-the-role-of-Sergey-Brin-in-Google
185,https://www.quora.com/Has-Sergey-Brin-mostly-checked-out-and-doesnt-really-run-anything-at-Google-anymore
186,https://www.quora.com/unanswered/What-is-Sergey-Brins-operational-title-at-Google
187,https://www.quora.com/unanswered/What-is-the-profile-of-Sergey-Brin
188,https://www.quora.com/unanswered/Does-anyone-know-how-to-contact-Sergey-Brin
189,https://www.quora.com/unanswered/What-did-Sergey-Brin-do-before-Google
190,https://www.quora.com/unanswered/Why-has-Sergey-Brin-left-Google
191,https://www.quora.com/unanswered/When-did-Sergey-Brin-get-married
192,https://www.quora.com/unanswered/What-did-Sergey-Brin-do-in-science
193,https://www.quora.com/unanswered/What-happened-to-Sergey-Brin-after-he-left-Google
194,https://www.quora.com/Why-did-Bill-Gates-Larry-Page-and-Sergey-Brin-all-give-up-day-to-day-control-of-their-behemoth-companies-like-Microsoft-and-Google-at-such-young-ages
195,https://www.quora.com/unanswered/Why-did-Larry-and-Sergey-start-a-company-leaving-a-promise-carrier
197,https://www.quora.com/unanswered/What-company-will-Larry-and-Sergey-start-now-that-they-have-left-roles-at-Google
199,https://www.quora.com/unanswered/When-did-Larry-Page-leave-Google
201,https://www.quora.com/Will-Larry-Page-and-Sergey-Brin-stepping-down-from-Google-Alphabet-be-a-positive-move-for-the-company
202,https://www.quora.com/unanswered/Why-did-Larry-Page-and-Sergei-Brin-create-Google-even-at-that-time-yahoo-was-already-there
203,https://www.quora.com/Is-Larry-Page-still-Google-s-CEO
204,https://www.quora.com/When-did-Larry-Page-step-down-as-the-CEO-of-Google
205,https://www.quora.com/unanswered/How-much-of-Sergei-Brin-and-Larry-Pages-original-code-remains-part-of-Google
207,https://www.quora.com/unanswered/How-did-Larry-Page-and-Sergey-Brin-trick-ex-Google-CEO-to-invent
213,https://www.quora.com/Why-is-Larry-Page-the-CEO-of-Google-instead-of-Sergey-Brin
214,https://www.quora.com/Why-didnt-Larry-Page-become-worlds-richest-person-but-Bill-Gates-did
215,https://www.quora.com/How-is-Mark-Zuckerberg-richer-than-Google-founders-Larry-Page-and-Sergey-Brin
216,https://www.quora.com/Who-is-the-founder-of-Google-Why-are-they-not-the-worlds-richest-person
217,https://www.quora.com/unanswered/Why-is-Larry-Page-not-the-richest-man
218,https://www.quora.com/Why-is-Larry-Page-making-more-money-than-Sergey-Brin
219,https://www.quora.com/Who-was-the-worlds-richest-man-before-Bill-Gates
220,https://www.quora.com/Why-is-a-Muslim-marrying-the-daughter-of-the-world-richest-person-Bill-Gates
221,https://www.quora.com/How-do-you-feel-about-Jeff-Bezos-and-his-wife-divorcing-after-25-years-of-marriage
222,https://www.quora.com/Why-is-Amazon-CEO-Jeff-Bezos-divorcing-his-wife-Mackenzie-Bezos-Did-they-have-pre-nuptial-agreements-in-the-event-of-their-divorce
223,https://www.quora.com/unanswered/Why-did-MacKenzie-Bezos-divorce-Amazon-founder-Jeff-Bezos
225,https://www.quora.com/Did-Jeff-Bezos-get-a-pre-nup-with-his-new-girlfriend
226,https://www.quora.com/unanswered/If-Jeff-Bezos-consulted-with-Mackenzie-about-Amazon-Books-with-no-pre-nuptial-agreement-can-Mackenzie-take-over-Amazon-in-their-divorce
227,https://www.quora.com/Is-Jeff-Bezos-divorce-really-amicable-or-are-they-just-showing-the-amicable-side-to-us
228,https://www.quora.com/Jeff-Bezos-Amazon-CEO-worth-137-billion-to-divorce-wife-of-25-years-So-does-this-mean-she-is-due-1-2-of-the-assets
229,https://www.quora.com/Is-it-true-that-Jeff-Bezos-has-cheated-his-wife-for-Lauren-Sanchez
230,https://www.quora.com/unanswered/Who-is-Lauren-Sanchez-and-is-she-having-an-affair-with-Jeff-Bezos
231,https://www.quora.com/What-are-your-thoughts-on-Lauren-Sanchez-breaking-the-marriage-of-Jeff-Bezos-and-Mackenzie-Bezos
232,https://www.quora.com/Do-you-think-the-Jeff-Bezos-Lauren-Sanchez-affair-will-last
233,https://www.quora.com/Is-Lauren-Sanchez-and-Jeff-bezos-a-good-match
234,https://www.quora.com/unanswered/What-are-the-truths-about-the-Jeff-Bezos-and-Lauren-Sanchez-alleged-affair
235,https://www.quora.com/Did-Jeff-Bezos-screw-up-by-having-his-affair
236,https://www.quora.com/Why-did-MacKenzie-Bezos-only-get-25-of-her-and-Jeff-Bezos-assets-from-the-divorce
237,https://www.quora.com/Why-didn-t-Jeff-Bezos-wife-MacKenzie-Bezos-get-50-of-Amazon-in-divorce
238,https://www.quora.com/Why-did-MacKenzie-Bezos-choose-to-donate-her-money-she-received-from-her-divorce-from-Jeff-Bezos
239,https://www.quora.com/unanswered/How-much-did-MacKenzie-Bezos-divorce-cost-Jeff-Bezos
240,https://www.quora.com/unanswered/What-is-the-history-of-Jeff-bezos-and-MacKenzie-Why-are-the-getting-divorced-and-how-will-they-split-their-wealth
241,https://www.quora.com/unanswered/Jeff-Bezos-and-his-wife-are-divorcing-even-they-always-felt-lucky-to-find-each-other-What-has-been-changed-in-their-marriage-based-on-your-views
242,https://www.quora.com/unanswered/What-do-you-think-of-Jeff-Bezos-divorcing-his-wife-as-a-woman-Why-do-people-say-shes-lucky-getting-lots-of-money
243,https://www.quora.com/Is-living-with-a-wife-more-painful-for-Jeff-Bezos-than-losing-38-billion-dollars-in-a-divorce-settlement
244,https://www.quora.com/unanswered/What-went-wrong-in-Jeff-Bezoss-relationship-with-her-wife
245,https://www.quora.com/Was-it-a-mistake-for-Jeff-Bezos-to-divorce-his-wife
246,https://www.quora.com/unanswered/Can-Jeff-Bezos-refuse-the-divorce
247,https://www.quora.com/unanswered/Why-does-the-wife-of-Jeff-Bezos-wants-to-divorce-with-him-is-it-because-35-billion-dollars-which-would-be-given-to-her-when-they-will-divorce-or-what-the-cause
248,https://www.quora.com/unanswered/Will-Jeff-Bezos-wife-get-half-of-Jeff-Bezos-assets-and-therefore-35-billion-dollars-for-their-divorce
249,https://www.quora.com/Why-did-Jeff-Bezos-look-so-happy-knowing-he-gave-his-ex-wife-billions-of-dollars-in-a-divorce
250,https://www.quora.com/unanswered/How-much-money-will-Jeff-Bezos-divorce-cost-him
251,https://www.quora.com/unanswered/What-are-your-thoughts-on-Jeff-Bezos-wife-getting-35bn-post-divorce
252,https://www.quora.com/Why-is-Jeff-Bezoss-wife-still-getting-divorce-from-him-after-being-the-worlds-richest-man
253,https://www.quora.com/After-Jeff-Bezos-divorce-case-is-it-still-worth-it-to-get-married-in-todays-world
254,https://www.quora.com/unanswered/Will-Jeff-Bezoss-wife-become-one-of-the-richest-people-in-the-world-after-their-divorce
255,https://www.quora.com/Jeff-Bezos-won-t-be-the-richest-man-in-the-world-due-to-his-divorce-do-you-think-he-can-gain-it-back-again-after-a-few-years-and-why
256,https://www.quora.com/Why-would-a-man-like-Jeff-Bezos-ruin-his-marriage-by-having-an-affair
257,https://www.quora.com/unanswered/If-Jeff-Bezos-of-Amazon-was-happily-married-why-would-he-divorce-his-wife
258,https://www.quora.com/unanswered/What-if-Amazon-founder-and-CEO-Jeff-Bezos-wife-divorce-with-him-and-took-her-shares-will-he-still-retain-in-top-spot
259,https://www.quora.com/unanswered/Does-Jeff-Bezos-wife-own-half-of-Amazon-after-their-divorce
261,https://www.quora.com/unanswered/In-the-Jeff-Bezos-divorce-why-did-his-wife-not-get-half-of-his-Amazon-stock
262,https://www.quora.com/unanswered/Why-did-Jeff-Bezos-get-divorced-and-his-wife-got-divorced-instead-of-being-so-rich-How-can-we-see-this-is-all-a-relationship
264,https://www.quora.com/unanswered/Why-did-Jeff-Bezos-have-an-affair
265,https://www.quora.com/unanswered/Why-didnt-Jeff-Bezos-just-cover-up-his-affair
266,https://www.quora.com/unanswered/Does-Jeff-Bezos-has-an-affair
267,https://www.quora.com/Why-did-Jeff-Bezos-have-an-affair-with-Lauren-Sanchez
270,https://www.quora.com/unanswered/How-did-Jeff-Bezos-treat-his-first-wife
271,https://www.quora.com/unanswered/Is-it-true-that-Jeff-Bezos-has-an-affair-with-his-friends-wife-Is-it-the-reason-for-the-divorce
272,https://www.quora.com/Why-is-Jeff-Bezoss-wife-keeping-any-amount-of-money-from-their-divorce
273,https://www.quora.com/unanswered/What-happened-to-Jeff-Bezos-net-worth-after-getting-a-divorce-with-his-wife
277,https://www.quora.com/unanswered/Which-big-deal-has-happened-for-the-divorce-in-Amazons-Jeff-Bezos-and-his-wife
278,https://www.quora.com/Do-you-feel-sorry-for-Jeff-Bezos-for-having-to-go-through-divorce-proceedings-while-leading-Amazon
279,https://www.quora.com/unanswered/Jeff-Bezos-settles-the-most-expensive-divorce-Who-will-control-Amazon-now
280,https://www.quora.com/What-does-Jeff-Bezos-divorce-mean-for-Amazon
281,https://www.quora.com/Has-Jeff-Bezos-gotten-divorced
282,https://www.quora.com/unanswered/How-old-was-Jeff-Bezos-when-he-divorced
283,https://www.quora.com/unanswered/How-old-is-Jeff-Bezos-and-how-much-money-does-he-have
284,https://www.quora.com/unanswered/How-old-is-Jeff-Bezoss-ex-wife
285,https://www.quora.com/unanswered/How-old-is-Jeff-Bezos-2
286,https://www.quora.com/unanswered/How-old-was-Jeff-Bezos-when-he-became-a-billionaire
287,https://www.quora.com/unanswered/How-old-is-Jeff-Bezos-and-how-much-money-did-he-make-a-day
289,https://www.quora.com/unanswered/How-much-did-Jeff-Bezos-get-in-a-divorce
291,https://www.quora.com/unanswered/How-much-did-Jeff-Bezos-lose-in-the-divorce
292,https://www.quora.com/Does-Jeff-Bezos-divorce-reduces-Amazons-net-worth
293,https://www.quora.com/How-much-did-Jeff-Bezos-lose-in-his-divorce-Was-it-a-fair-amount
294,https://www.quora.com/unanswered/How-does-a-divorce-cost-Jeff-Bezos-the-title-of-the-worlds-richest-person
296,https://www.quora.com/What-did-Jeff-Bezos-wife-get-in-the-divorce
299,https://www.quora.com/unanswered/What-s-your-first-move-as-Jeff-Bezos-ex-wife-fresh-out-of-the-divorce
301,https://www.quora.com/unanswered/Who-is-Jeff-Bezos-ex-wife-and-how-rich-is-she-now-after-a-divorce
302,https://www.quora.com/unanswered/Is-Jeff-Bezos-depressed-after-his-divorce
303,https://www.quora.com/unanswered/Do-you-think-that-Jeff-Bezos-feels-better-after-his-divorce
304,https://www.quora.com/Is-it-true-that-Jeff-Bezos-wife-wants-38-billion-for-divorce
305,https://www.quora.com/unanswered/What-happened-next-on-the-divorce-of-Jeff-Bezos-Is-it-in-process-or-about-to-happen-soon
306,https://www.quora.com/unanswered/If-Jeff-Bezos-divorce-didnt-happen-would-he-still-be-the-richest-person-in-2021
307,https://www.quora.com/unanswered/What-really-happened-to-Jeff-Bezos-marriage
308,https://www.quora.com/unanswered/What-happened-between-Jeff-Bezos-and-his-wife
310,https://www.quora.com/How-did-Jeff-Bezos-treat-his-second-wife
311,https://www.quora.com/unanswered/What-does-Jeff-Bezos-s-wife-doing-now
313,https://www.quora.com/unanswered/What-is-the-Kokomo-of-Jeff-Bezos-former-wife
314,https://www.quora.com/unanswered/Who-is-the-wife-of-Jeff-Bezos
315,https://www.quora.com/What-did-Jeff-Bezos-lose-in-his-divorce
316,https://www.quora.com/unanswered/Do-you-think-the-divorce-of-Jeff-Bezos-will-affect-in-his-business
317,https://www.quora.com/unanswered/How-might-Jeff-Bezos-divorce-affect-his-16-4-stake-in-Amazon
318,https://www.quora.com/Could-Jeff-Bezos-divorce-cause-the-downfall-of-Amazon
322,https://www.quora.com/unanswered/How-will-Jeff-Bezos-affair-and-divorce-affect-his-ability-to-lead-Amazon-considering-he-hates-being-in-the-spotlight
323,https://www.quora.com/Why-would-anyone-change-from-working-at-Microsoft-to-working-at-Google-and-vice-versa
324,https://www.quora.com/Is-working-for-Microsoft-less-prestigious-than-Google-Facebook-Apple-etc
325,https://www.quora.com/Does-Microsoft-offer-less-salary-than-Google-or-Facebook-to-a-software-engineer
326,https://www.quora.com/Should-I-take-a-job-as-an-SDE-at-Amazon-or-at-Microsoft
327,https://www.quora.com/I-got-an-offer-from-Microsoft-and-Amazon-in-Seattle-upon-my-MS-CS-graduation-The-salaries-are-pretty-similar-Which-offer-should-I-take
328,https://www.quora.com/Which-provides-a-better-environment-to-work-Microsoft-or-Google
329,https://www.quora.com/Microsoft-vs-Facebook
330,https://www.quora.com/Why-isnt-working-at-Amazon-considered-to-be-as-prestigious-as-working-in-Facebook-Google-Apple
331,https://www.quora.com/Is-it-easier-to-advance-in-your-career-at-Google-or-Microsoft
332,https://www.quora.com/If-you-have-to-choose-either-work-as-a-programmer-in-Google-or-Microsoft-What-will-be-your-choice
333,https://www.quora.com/I-like-Microsoft-but-want-to-join-Google-which-should-I-choose
334,https://www.quora.com/What-is-the-career-progression-at-Google-like
335,https://www.quora.com/Has-anyone-left-Google-to-join-Microsoft-ever
336,https://www.quora.com/I-earn-250-000-per-annum-at-Google-How-much-should-I-expect-from-Facebook
337,https://www.quora.com/unanswered/What-is-the-salary-of-a-Google-senior-fellow-or-Google-fellow
339,https://www.quora.com/Why-are-jobs-at-Google-Facebook-Amazon-seen-as-equally-appealling-while-getting-into-Google-is-very-unlikely-and-getting-into-Amazon-is-cake
340,https://www.quora.com/unanswered/How-hard-is-it-to-get-hired-by-Google-Facebook-or-Amazon
341,https://www.quora.com/Google-VS-Amazon-Which-one-is-more-competitive-to-get-hired
342,https://www.quora.com/If-you-get-a-job-offer-from-Facebook-Amazon-and-Google-which-one-would-you-choose
345,https://www.quora.com/Why-would-an-engineer-want-to-work-at-Microsoft-instead-of-Facebook-and-Google
346,https://www.quora.com/Which-company-is-better-to-work-for-Facebook-or-Microsoft
347,https://www.quora.com/Among-Microsoft-Google-Amazon-Facebook-which-company-has-the-best-and-the-worst-work-life-balance-for-employees
348,https://www.quora.com/Does-any-employee-from-Microsoft-India-switch-to-Google-India-or-vice-versa-What-are-the-difficulties-in-doing-so
349,https://www.quora.com/Are-the-employees-of-Google-and-Microsoft-India-highly-overpaid-compared-to-the-work-they-do
350,https://www.quora.com/Do-companies-like-Google-Microsoft-in-India-etc-prefer-start-up-employees-or-employees-from-other-huge-MNCs
351,https://www.quora.com/How-is-the-work-life-in-Microsoft-Hyderabad-MSGD-What-are-the-perks-available-for-full-time-employees-in-Microsoft-India
352,https://www.quora.com/unanswered/How-many-employees-does-Microsoft-have-in-India
353,https://www.quora.com/unanswered/What-is-the-monthly-salary-of-employee-working-in-Google-India
354,https://www.quora.com/Between-Google-and-Facebook-which-company-would-you-join
356,https://www.quora.com/Between-Google-and-Amazon-which-company-is-better-to-work-for-as-a-software-engineer-Why
359,https://www.quora.com/How-hard-is-it-to-transfer-from-Amazon-to-Google
361,https://www.quora.com/Why-is-working-for-Apple-Facebook-and-Google-so-much-better-than-working-for-Amazon
362,https://www.quora.com/Who-pays-the-most-Apple-Amazon-Facebook-or-Google
363,https://www.quora.com/unanswered/Which-is-best-Amazon-Apple-Facebook-or-Google-Which-company-offers-a-high-salary
364,https://www.quora.com/Why-are-salary-levels-at-Amazon-and-Google-so-much-higher-than-Apple-and-Facebook
365,https://www.quora.com/unanswered/Who-has-the-best-benefits-Apple-Amazon-Facebook-or-Google
366,https://www.quora.com/unanswered/Who-pays-more-on-a-2-side-level-Amazon-Facebook-or-Google
367,https://www.quora.com/Which-company-would-be-the-best-in-2022-Microsoft-or-Google
368,https://www.quora.com/unanswered/Who-pays-better-in-2022-Google-or-Microsoft
369,https://www.quora.com/unanswered/Will-Google-surpass-Microsoft-by-2022
370,https://www.quora.com/Who-is-the-best-employer-Google-Microsoft-or-Amazon
371,https://www.quora.com/How-hard-is-it-to-get-a-job-at-Microsoft
372,https://www.quora.com/Do-people-from-Google-leave-to-join-Amazon
373,https://www.quora.com/Would-you-leave-Amazon-for-Google
374,https://www.quora.com/How-is-life-after-leaving-Google-Why-do-people-decide-to-leave
375,https://www.quora.com/unanswered/Why-do-some-people-leave-Amazon-for-Google
376,https://www.quora.com/How-does-the-culture-of-Apple-and-Google-differ
378,https://www.quora.com/unanswered/How-are-the-cultures-of-Microsoft-Apple-Google-like-How-do-they-differ
379,https://www.quora.com/unanswered/What-is-the-salary-for-every-position-at-Apple
380,https://www.quora.com/unanswered/How-do-the-cultures-of-Facebook-and-Google-differ
381,https://www.quora.com/unanswered/What-are-similarities-and-differences-between-the-cultures-at-Apple-and-Google
382,https://www.quora.com/What-is-the-corporate-culture-like-at-Apple-How-is-the-culture-different-than-other-companies
383,https://www.quora.com/What-are-the-salary-levels-at-Apple
384,https://www.quora.com/unanswered/What-are-some-of-the-biggest-difference-in-workplace-culture-between-Facebook-Apple-and-Google
385,https://www.quora.com/unanswered/How-does-Apple-compare-to-Google
386,https://www.quora.com/Why-would-an-engineer-want-to-work-at-Google-instead-of-Apple-What-is-the-difference-between-the-caliber-of-engineers-at-Apple-as-opposed-to-Google
387,https://www.quora.com/unanswered/What-is-it-like-to-work-for-Apple-after-working-at-Google
388,https://www.quora.com/Is-it-better-to-work-at-Google-or-Apple
389,https://www.quora.com/unanswered/What-are-the-hireability-differences-of-people-who-have-worked-at-Apple-vs-Google
390,https://www.quora.com/How-does-working-at-Apple-and-Google-compare
391,https://www.quora.com/Where-should-I-start-working-Apple-or-Google
392,https://www.quora.com/Would-you-rather-work-for-Apple-Google-or-Facebook
393,https://www.quora.com/Why-do-I-never-hear-about-recent-college-graduates-going-to-work-for-Apple-I-went-to-a-top-school-in-the-US-and-cant-think-of-a-single-person-in-my-graduating-class-who-went-to-work-for-Apple-nor-can-I-think-of-anyone-who-did-an-internship-there
394,https://www.quora.com/Beyond-the-obvious-Facebook-Apple-Netflix-and-Google-FANG-which-are-the-first-tier-companies-in-Silicon-Valley
395,https://www.quora.com/Which-ten-Silicon-Valley-companies-consistently-give-the-toughest-interviews
396,https://www.quora.com/unanswered/Which-technology-companies-have-the-hardest-interviews
397,https://www.quora.com/What-companies-have-the-hardest-software-engineering-interviews
398,https://www.quora.com/Which-companys-interviews-are-more-difficult-Facebook-Google-Apple-or-Dropbox-for-Software-engineering-and-the-like-Rank-their-difficulty
399,https://www.quora.com/Which-Silicon-Valley-company-is-the-most-desired-and-most-difficult-to-get-a-job-at
400,https://www.quora.com/What-are-the-current-top-5-tech-companies-in-Silicon-Valley-with-the-hardest-engineering-interviews
402,https://www.quora.com/Why-aren%E2%80%99t-there-interns-at-Netflix
403,https://www.quora.com/unanswered/Is-it-possible-to-intern-at-Netflix
404,https://www.quora.com/Does-Netflix-have-an-internship-program
405,https://www.quora.com/Why-does-Netflix-offer-the-highest-salaries-in-the-industry
406,https://www.quora.com/unanswered/Why-has-Netflix-started-to-hire-interns
407,https://www.quora.com/Whats-it-like-to-work-at-Netflix
408,https://www.quora.com/What-is-it-like-to-intern-at-Netflix
409,https://www.quora.com/Are-there-any-Silicon-Valley-pre-IPO-tech-companies-that-are-more-desirable-to-work-for-than-the-giants-Google-Facebook-Apple-and-if-so-why
411,https://www.quora.com/Which-are-some-of-the-best-Pre-IPO-companies-to-join-in-Silicon-Valley
412,https://www.quora.com/Which-pre-IPO-companies-attract-the-best-software-engineering-talent-from-top-companies-like-Facebook-and-Google
413,https://www.quora.com/Which-are-the-best-tech-companies-to-work-for-apart-from-Google-Microsoft-Apple-and-Facebook
414,https://www.quora.com/Is-it-better-to-work-for-startups-or-big-tech-companies
415,https://www.quora.com/unanswered/Why-are-the-big-tech-companies-like-Facebook-and-Google-long-seen-as-some-of-the-world-s-most-desirable-workplaces-losing-some-of-their-shine
416,https://www.quora.com/What-is-your-salary-in-hand-if-you-work-for-Apple-in-Hyderabad-India-for-a-package-23-LPA
417,https://www.quora.com/unanswered/Whats-the-salary-structure-at-Apple-India-for-the-manager-level-with-8-years-of-experience
418,https://www.quora.com/What-is-the-salary-of-software-engineer-in-Apple-Hyderabad
419,https://www.quora.com/unanswered/What-is-a-salary-of-Apple-software-engineer-in-India
420,https://www.quora.com/What-is-the-average-salary-for-a-software-engineer-working-at-Apple
421,https://www.quora.com/Is-25-lpa-a-good-salary-in-Hyderabad
422,https://www.quora.com/unanswered/What-is-the-experience-level-and-typical-salary-range-for-senior-developer-position-in-Apple-India
423,https://www.quora.com/unanswered/WHICH-are-the-TIER-1-companies
424,https://www.quora.com/unanswered/What-companies-are-considered-Tier-1-and-which-as-Tier-2
425,https://www.quora.com/unanswered/How-are-Tier-1-2-3-and-4-IT-companies-categorized-in-India
426,https://www.quora.com/Which-are-the-tier-1-companies-in-India
427,https://www.quora.com/What-does-Tier-1-company-mean
428,https://www.quora.com/How-do-I-identify-whether-a-company-is-tier-1-tier-2-or-tier-3
429,https://www.quora.com/unanswered/What-are-tier-one-companies-1
430,https://www.quora.com/Is-Netflix-a-Silicon-Valley-company
431,https://www.quora.com/unanswered/Is-Amazon-a-Silicon-Valley-company
432,https://www.quora.com/unanswered/Is-Netflix-a-tech-company
433,https://www.quora.com/unanswered/Will-Silicon-Valley-be-on-Netflix
434,https://www.quora.com/Is-Silicon-Valley-on-Netflix-India
435,https://www.quora.com/Is-Android-a-Silicon-Valley-company
436,https://www.quora.com/What-is-it-like-to-work-at-Microsoft-Managers-atmosphere-organization-in-kind-benefits-salaries-etc
437,https://www.quora.com/What-is-the-best-Microsoft-employee-perk-and-why
438,https://www.quora.com/How-do-Microsoft-new-employees-choose-computers
439,https://www.quora.com/What-extra-benefits-Microsoft-employees-get-other-than-salary
440,https://www.quora.com/What-are-the-best-Microsoft-Prime-or-Passport-benefits
441,https://www.quora.com/unanswered/How-do-I-use-all-of-Microsoft-employees-perks-and-benefits-to-completely
442,https://www.quora.com/Do-Microsoft-employees-get-telephone-bill-reimbersement
443,https://www.quora.com/What-are-some-things-new-employees-should-know-going-into-their-first-day-at-Microsoft
444,https://www.quora.com/Is-Microsoft-a-good-place-to-work
446,https://www.quora.com/unanswered/What-is-the-salary-paid-by-Microsoft
447,https://www.quora.com/Is-working-at-Microsoft-good-for-your-career
448,https://www.quora.com/unanswered/Is-Microsoft-IT-India-a-good-place-to-work-for
450,https://www.quora.com/What-is-it-like-to-work-at-Microsoft-in-India
451,https://www.quora.com/unanswered/How-does-it-feel-working-at-Microsoft-India
452,https://www.quora.com/How-is-work-life-at-Microsoft-India
454,https://www.quora.com/What-is-the-dark-side-of-working-at-Google
455,https://www.quora.com/How-does-it-feel-to-work-for-Microsoft
456,https://www.quora.com/How-does-it-feel-to-be-a-Microsoft-employee
457,https://www.quora.com/Why-do-people-like-working-at-Microsoft
458,https://www.quora.com/What-does-Microsofts-IDC-new-hire-kit-typically-contain
459,https://www.quora.com/What-is-the-on-boarding-process-like-for-new-employees-at-Microsoft
462,https://www.quora.com/Does-Microsoft-have-a-new-employee-orientation-policy
464,https://www.quora.com/What-happens-on-New-Hires-Day-in-Microsoft
466,https://www.quora.com/unanswered/My-son-has-got-a-call-from-Microsoft-IDC-How-is-the-prospect-of-new-entry-at-Microsoft-IDC
467,https://www.quora.com/What-is-the-difference-between-Microsoft-IDC-and-Microsoft-IT
468,https://www.quora.com/How-is-Microsoft-IDC-different-from-Microsoft-IT-How-should-I-prepare-for-the-placement-tests-for-any-of-them
469,https://www.quora.com/What-are-the-teams-in-Microsoft-IDC-Bangalore
470,https://www.quora.com/Is-Microsoft-IT-now-merged-into-Microsoft-IDC-and-called-as-Microsoft-IDC
471,https://www.quora.com/Which-of-these-two-would-be-better-for-a-fresher-DE-Shaw-Software-or-Microsoft-IDC-in-India-or-Amazon-India
472,https://www.quora.com/Does-Microsoft-gives-its-employees-free-laptops
475,https://www.quora.com/unanswered/Whats-the-brutal-truth-about-salary-negotiations-at-Google-Facebook-Amazon-Apple-and-Microsoft
476,https://www.quora.com/Among-Google-Apple-Facebook-Amazon-and-Microsoft-which-company-is-the-most-powerful-today
477,https://www.quora.com/Which-company-is-more-powerful-Google-Facebook-or-Apple
479,https://www.quora.com/unanswered/Which-company-has-impressed-you-most-out-of-Google-Microsoft-Amazon-Facebook-or-Apple-Why
480,https://www.quora.com/Who-is-more-powerful-in-influence-Disney-Facebook-Amazon-Microsoft-Apple-or-Google
482,https://www.quora.com/unanswered/Which-software-technology-company-is-most-desirable-to-work-with-Apple-Facebook-Amazon-Google-or-Microsoft
483,https://www.quora.com/Why-is-Cisco-laying-off-a-massive-amount-of-people-every-now-and-then-almost-like-at-least-once-a-year
484,https://www.quora.com/Is-it-true-that-Cisco-fires-employees-every-month
485,https://www.quora.com/Why-does-Cisco-often-fire-employees
487,https://www.quora.com/unanswered/How-often-does-Cisco-give-their-employees-salary-increases
488,https://www.quora.com/I-received-an-offer-for-G11-at-Cisco-the-salary-is-lower-than-my-current-FANG-salary-how-do-I-negotiate
489,https://www.quora.com/What-is-the-salary-of-a-Cisco-engineer
490,https://www.quora.com/Is-it-true-that-Cisco-has-a-ruthless-and-cutthroat-sales-culture
491,https://www.quora.com/unanswered/Why-is-Cisco-laying-off-5500-employees-this-year-Where-is-Cisco-headed
492,https://www.quora.com/unanswered/Is-it-true-that-Cisco-fires-employees-frequently-I-have-an-offer-from-Cisco-I-am-little-worried-about-job-stability
493,https://www.quora.com/unanswered/Why-does-Cisco-lay-off-employees-every-year
494,https://www.quora.com/Whats-the-impact-of-Cisco-laid-off-recently
495,https://www.quora.com/unanswered/Is-it-safe-to-join-Cisco-for-a-candidate-with-3-years-experience-in-2019-after-sudden-layoffs-in-the-past-few-years
496,https://www.quora.com/unanswered/Has-anybody-been-affected-by-layoffs-at-Cisco-recently
497,https://www.quora.com/Will-Ciscos-layoff-affect-my-chance-to-obtain-return-offer
498,https://www.quora.com/Why-do-people-not-like-working-at-Cisco
499,https://www.quora.com/How-good-is-Cisco-when-compared-to-other-big-companies
500,https://www.quora.com/After-IBM-will-other-big-corporations-like-FAANG-Microsoft-Cisco-etc-also-lay-people-off
501,https://www.quora.com/Are-Cisco-executives-happy-laying-off-people
502,https://www.quora.com/unanswered/Im-being-layed-off-from-Cisco-Some-people-get-better-severance-than-others-How-should-I-play-it
503,https://www.quora.com/What-is-the-worst-job-to-have-at-Amazon
504,https://www.quora.com/How-do-you-survive-working-at-Amazon
506,https://www.quora.com/As-an-Amazon-warehouse-worker-what-is-your-experience-of-working-there
507,https://www.quora.com/Is-Amazon-an-unpleasant-place-to-work-Why-or-why-not
508,https://www.quora.com/I-joined-Amazon-4-months-back-I-am-really-having-bad-days-at-Amazon-I-am-not-related-to-work-balance-The-team-is-doing-something-useless-and-I-was-asked-to-do-the-same-Should-I-leave-Amazon
509,https://www.quora.com/What-is-the-easiest-job-at-the-Amazon-warehouse
510,https://www.quora.com/How-does-Amazon-overtime-work
511,https://www.quora.com/Why-do-you-think-Amazon-is-a-bad-or-good-place-to-work-today
512,https://www.quora.com/unanswered/Why-is-Amazon-listed-as-a-dangerous-place-to-work
513,https://www.quora.com/Are-people-who-actually-work-at-Amazon-really-that-bad
514,https://www.quora.com/Why-do-employees-usually-work-for-2-3-years-at-Amazon-Inc-and-leave
515,https://www.quora.com/What-are-the-main-advantages-of-working-for-Amazon-and-why
516,https://www.quora.com/Did-you-accept-Amazons-pay-to-quit-offer-If-not-have-you-ever-been-tempted
517,https://www.quora.com/Why-did-you-quit-your-job-at-Amazon
518,https://www.quora.com/Should-I-take-advantage-of-the-pay-to-quit-policy-in-Amazon
519,https://www.quora.com/How-do-I-quit-my-job-at-an-Amazon-warehouse
520,https://www.quora.com/Why-does-Amazon-pay-employees-to-quit
522,https://www.quora.com/Why-is-the-attrition-rate-so-high-at-Amazon-Is-it-true-that-many-people-have-seen-employees-crying-at-their-desks-while-working-at-Amazon
523,https://www.quora.com/If-the-culture-at-Amazon-is-so-cutthroat-why-do-so-many-people-still-choose-to-work-there
524,https://www.quora.com/Where-do-you-see-Google-Amazon-and-Microsoft-5-years-from-now-in-the-military-oil-and-gas-business-because-of-artificial-intelligence-projects
525,https://www.quora.com/Where-do-you-see-Google-Amazon-and-Microsoft-5-years-from-now-in-the-oil-and-gas-business-because-of-artificial-intelligence-projects
528,https://www.quora.com/What-is-your-opinion-on-Google-Amazon-and-Microsoft-in-the-military-and-oil-business-now-because-of-AI
529,https://www.quora.com/unanswered/I-have-read-somewhere-that-Google-and-Amazon-are-getting-into-the-oil-business-and-they-will-use-AI-for-the-discovery-of-oil-Is-it-true
530,https://www.quora.com/unanswered/Apple-Google-Tesla-Microsoft-or-Amazon-Which-of-these-companies-is-more-future-oriented-and-why
531,https://www.quora.com/Why-won-t-Google-develop-AI-for-oil-and-gas-extraction
532,https://www.quora.com/What-are-some-interesting-uses-of-artificial-intelligence-in-the-oil-and-gas-industry
533,https://www.quora.com/What-are-applications-of-data-science-and-machine-learning-in-the-oil-and-gas-industries
534,https://www.quora.com/How-is-AI-transforming-the-oil-and-gas-industry
535,https://www.quora.com/unanswered/How-could-AI-help-the-oil-and-gas-industry
536,https://www.quora.com/In-which-aspects-Machine-Learning-Artificial-intelligence-will-change-Heavy-Manufacturing-such-as-Oil-Gas-industry
537,https://www.quora.com/How-is-AI-used-by-oil-companies
538,https://www.quora.com/How-is-AI-used-for-oil-and-gas-regulation
539,https://www.quora.com/unanswered/Climate-change-Why-does-Google-Amazon-and-Microsoft-wants-to-be-in-oil-business-in-2020
540,https://www.quora.com/How-are-technology-and-companies-like-Facebook-Google-Apple-Amazon-Microsoft-and-Tesla-changing-our-world-and-why-should-we-be-worried-about-what-lies-ahead
541,https://www.quora.com/What-is-happening-in-September-2020-with-oil-prices
542,https://www.quora.com/unanswered/Why-dont-Apple-Facebook-Google-Tesla-and-Amazon-join-hands-and-create-the-biggest-company-that-will-ever-exist
543,https://www.quora.com/unanswered/Why-did-Apple-Amazon-Microsoft-and-Facebook-lose-billions-of-dollars-in-2020
544,https://www.quora.com/Will-Amazon-ultimately-eclipse-Microsoft-Google-and-Apple-as-the-premier-American-technology-giant
545,https://www.quora.com/unanswered/Are-Google-and-Amazon-now-involved-in-the-oil-business
546,https://www.quora.com/Is-a-Cloud-Computing-takes-us-back-in-the-development-of-computer-technology-with-just-the-single-idea-Amazon-Google-and-Microsoft-to-make-financial-use-of-their-outdated-servers-and-to-carry-out-Industrial-and
547,https://www.quora.com/What-is-cloud-computing-1
548,https://www.quora.com/What-is-cloud-computing-Why-is-it-used-and-for-what-purposes
549,https://www.quora.com/What-is-cloud-computing-and-its-advantages
550,https://www.quora.com/What-is-cloud-computing-with-an-example
551,https://www.quora.com/What-is-cloud-in-cloud-computing
552,https://www.quora.com/What-is-cloud-computing-in-laymans-terms
553,https://www.quora.com/What-are-uses-of-cloud-computing
554,https://www.quora.com/unanswered/Is-Amazon-the-biggest-cloud-computing-tech-giant-now
555,https://www.quora.com/unanswered/Whats-behind-the-success-of-Amazons-cloud-computing-services
556,https://www.quora.com/Does-Google-have-plans-to-compete-with-Microsoft-and-Amazon-in-cloud-computing-What-are-they
557,https://www.quora.com/How-does-Amazon-benefit-from-offering-cloud-computing-services
558,https://www.quora.com/unanswered/Is-cloud-computing-really-a-profitable-and-competitive-business-that-Google-Amazon-and-Microsoft-are-providing-so-many-services-at-almost-free-price
559,https://www.quora.com/Is-Amazon-Cloud-Storage-free
560,https://www.quora.com/Is-Google-fading-as-the-star-technology-company-as-old-names-like-Microsoft-and-Amazon-have-had-much-more-success-in-cloud-computing-and-now-have-larger-market-values
561,https://www.quora.com/What-is-the-importance-of-cloud-computing-and-its-benefits
562,https://www.quora.com/What-are-the-disadvantages-of-the-cloud-computing
563,https://www.quora.com/What-are-the-benefits-of-cloud-computing-excepting
564,https://www.quora.com/What-are-the-benefits-of-cloud-computing-and-cloud-services
565,https://www.quora.com/unanswered/What-is-better-than-cloud-computing
566,https://www.quora.com/What-businesses-benefit-from-cloud-computing
567,https://www.quora.com/unanswered/Is-there-a-listing-out-there-of-the-types-of-technology-seen-in-cloud-computing
568,https://www.quora.com/What-are-the-main-types-of-cloud-computing
569,https://www.quora.com/What-are-some-good-cloud-computing-technologies-in-2021
570,https://www.quora.com/What-is-computer-technology
571,https://www.quora.com/What-are-the-different-types-of-cloud-computing-environments-and-cloud-computing-models
572,https://www.quora.com/What-is-the-artificial-intelligence-of-things-and-how-can-it-help-enterprises
573,https://www.quora.com/unanswered/What-do-enterprises-intend-to-do-with-artificial-intelligence
574,https://www.quora.com/Where-is-the-opportunity-for-traditional-enterprises-to-enter-artificial-intelligence
575,https://www.quora.com/unanswered/How-does-artificial-intelligence-make-a-difference-to-enterprise-IT
576,https://www.quora.com/How-do-I-make-an-enterprise-comfortable-with-artificial-intelligence
577,https://www.quora.com/How-does-artificial-intelligence-relate-to-computing
578,https://www.quora.com/How-should-modern-enterprises-go-about-implementing-artificial-intelligence
579,https://www.quora.com/unanswered/What-is-additional-artificial-intelligence
580,https://www.quora.com/unanswered/How-is-artificial-intelligence-bringing-out-new-possibilities-and-changing-business-scenarios
581,https://www.quora.com/How-can-businesses-go-through-artificial-intelligence
582,https://www.quora.com/What-will-artificial-intelligence-never-be-able-to-do
583,https://www.quora.com/What-are-the-advantages-of-artificial-intelligence
584,https://www.quora.com/How-does-artificial-intelligence-affect-human-life
585,https://www.quora.com/unanswered/What-are-some-issues-with-using-artificial-intelligence-in-business-and-how-can-they-be-addressed
586,https://www.quora.com/How-will-machine-learning-and-artificial-intelligence-change-your-business-in-the-coming-years
587,https://www.quora.com/unanswered/What-are-some-examples-of-artificial-intelligence-1
588,https://www.quora.com/unanswered/What-are-the-uses-of-artificial-intelligence-1
589,https://www.quora.com/What-are-the-Eye-Catching-examples-of-artificial-intelligence
590,https://www.quora.com/What-are-some-great-examples-of-artificial-intelligence-that-exist-and-what-are-they-now-called
591,https://www.quora.com/unanswered/Where-is-artificial-intelligence-actually-applied-with-examples
592,https://www.quora.com/What-is-artificial-intelligence-used-for
593,https://www.quora.com/unanswered/How-could-a-business-be-born-with-artificial-intelligence
594,https://www.quora.com/What-is-possible-with-artificial-intelligence-for-your-business
595,https://www.quora.com/What-is-artificial-intelligence-15
596,https://www.quora.com/What-business-and-industrial-can-be-created-with-artificial-intelligence
597,https://www.quora.com/How-can-artificial-intelligence-be-used-in-business-and-industry
598,https://www.quora.com/unanswered/What-are-some-examples-of-where-enterprises-are-using-AI-today
599,https://www.quora.com/unanswered/Are-there-examples-of-successful-usage-of-AI-s-in-an-enterprise
600,https://www.quora.com/unanswered/What-AI-exists-today
601,https://www.quora.com/unanswered/Is-there-any-example-or-a-way-where-we-can-see-a-blend-of-AI-and-SaaS-enterprise-solutions
602,https://www.quora.com/What-companies-are-successfully-using-AI
603,https://www.quora.com/Whats-the-difference-between-Machine-Learning-and-AI
604,https://www.quora.com/How-is-artificial-intelligence-useful-to-us
605,https://www.quora.com/unanswered/What-is-artificial-intelligence-and-how-important-is-it-in-todays-time
606,https://www.quora.com/How-is-artificial-intelligence-being-used-currently
607,https://www.quora.com/How-can-intelligence-be-artificial
608,https://www.quora.com/What-can-Artificial-Intelligence-do-and-what-is-it-not-able-to-do
609,https://www.quora.com/Do-you-think-Google-is-still-going-to-be-the-industry-leader-in-artificial-Intelligence-50-years-from-now
610,https://www.quora.com/unanswered/How-does-Google-aim-to-dominate-artificial-intelligence
611,https://www.quora.com/Will-Google-dominate-AI-market
612,https://www.quora.com/Will-Google-dominate-the-artificial-intelligence-AI-in-the-future-If-yes-why-do-you-think-so
613,https://www.quora.com/unanswered/How-does-Google-integrate-artificial-intelligence
615,https://www.quora.com/unanswered/What-is-Googles-stance-on-artificial-intelligence
616,https://www.quora.com/Has-Google-s-artificial-intelligence-come-to-life
617,https://www.quora.com/unanswered/Will-Google-become-the-world-leader-in-artificial-Intelligence
618,https://www.quora.com/Is-any-company-capable-of-overtaking-Google-as-the-leader-in-artificial-Intelligence
620,https://www.quora.com/Who-is-the-leader-in-artificial-intelligence
621,https://www.quora.com/unanswered/How-can-India-become-a-world-leader-in-AI
622,https://www.quora.com/Will-Europe-be-the-leader-of-artificial-intelligence
623,https://www.quora.com/What-happens-in-the-hours-days-and-months-after-the-announce-by-a-public-company-e-g-Google-that-theyve-achieved-Artificial-General-Intelligence
624,https://www.quora.com/unanswered/Which-labs-are-pursuing-General-Artificial-Intelligence
625,https://www.quora.com/unanswered/Does-Google-have-Artificial-general-intelligence-AGI
626,https://www.quora.com/unanswered/What-would-happen-if-AI-becomes-self-aware
628,https://www.quora.com/What-happened-after-A-I-Artificial-Intelligence
629,https://www.quora.com/What-if-someone-created-Artificial-General-Intelligence-What-impact-would-it-have-on-us-Will-the-AGI-make-Google-look-like-Childs-Play
630,https://www.quora.com/In-10-years-what-company-do-you-think-will-be-the-leader-in-artificial-intelligence
631,https://www.quora.com/What-country-or-company-will-be-the-dominant-leader-in-AI-in-10-years
632,https://www.quora.com/Which-artificial-intelligence-method-do-you-think-will-be-the-leader-in-the-next-years
633,https://www.quora.com/unanswered/Which-companies-will-remain-a-front-runner-in-the-artificial-intelligence-field-in-2021-22
634,https://www.quora.com/What-area-will-be-most-affected-by-artificial-intelligence-in-10-years
635,https://www.quora.com/What-company-is-likely-to-release-a-machine-with-artificial-general-intelligence-in-the-next-20-years
