Name,Links
Amazon (company),https://www.quora.com/topic/Amazon-company
Amazon.com (product),https://www.quora.com/topic/Amazon-com-product
E-Commerce,https://www.quora.com/topic/E-Commerce
Amazon FBA (Fulfillment by Amazon),https://www.quora.com/topic/Amazon-FBA-Fulfillment-by-Amazon
Amazon Sellers,https://www.quora.com/topic/Amazon-Sellers
Online Selling,https://www.quora.com/topic/Online-Selling
Brands and Branding,https://www.quora.com/topic/Brands-and-Branding
Making Money Online,https://www.quora.com/topic/Making-Money-Online
Search Engine Optimization (SEO),https://www.quora.com/topic/Search-Engine-Optimization-SEO
Product Branding,https://www.quora.com/topic/Product-Branding
Content Strategy,https://www.quora.com/topic/Content-Strategy
Content Marketing,https://www.quora.com/topic/Content-Marketing
Content Writing,https://www.quora.com/topic/Content-Writing
LinkedIn (company),https://www.quora.com/topic/LinkedIn-company
LinkedIn (product),https://www.quora.com/topic/LinkedIn-product-1
Brand Strategy,https://www.quora.com/topic/Brand-Strategy
Digital Marketing,https://www.quora.com/topic/Digital-Marketing
Personal Branding,https://www.quora.com/topic/Personal-Branding